1,2022-05-24 23:24:00,2022-05-24 23:24:00,\N,1,nhuplaypzrzsvfqgotylepsgzbpsmldcbpspuvpmgifvhmnnkgiqeqdhgmjrrjrlqwodxcvuihipexemeterphtudgocrquwkflt
2,2022-05-24 23:24:00,2022-05-24 23:24:00,\N,7,oqgfezfdfhgraqzvfdtoytejnetfuadvinuitpckcyulnofmsjtlqhlrlletirncgwrxpmcynagjpudaznmzhvnyqlnuipsehjia
3,2022-05-24 23:24:00,2022-05-24 23:24:00,\N,2,gsnegllacmvrmkfzgpytcfmkgdkcuhfphwybjujmkufgvsbrsgxdzscrvwdlbjwdvrnmoewfqettvfvpmxzcthicwpgkfcdbfoho
4,2022-05-24 23:24:00,2022-05-24 23:24:00,\N,6,ehuahdvwruprlgmxobxgsdtkbwhsshujpfzmjubtbubddnbictlgucgotqxgajjbfdujvlmuivycstumdfcoxfjjfayqypakgmmq
5,2022-05-24 23:24:00,2022-05-24 23:24:00,\N,7,xiotylgwtbuuqogpirrdjllblglciuujhcajptdiwkbanlenvqooakbqeibmgxgpmvkubpgdybbhdfuwomlpuomsmfmymutlsffr
6,2022-05-24 23:24:00,2022-05-24 23:24:00,\N,8,fwgntffhultjrovqvyfittkkmrbscjsgfucvmynpfpcanacvsbxknshlqhzmupxejmxaagtuizxdxohdlutsbazwqhcquqdwxeag
7,2022-05-24 23:24:00,2022-05-24 23:24:00,\N,9,ybrxcmznfkussqziuqepxtccmiyhiquyqqilbiigpkpxfdkhgydugdocvmsmbohaiuhodhujqjanytjokffybbkqmsaespbgvgga
8,2022-05-24 23:24:00,2022-05-24 23:24:00,\N,9,yxrvunsprvcecxcqeqnfivqrsnzeiarbagodcumqulisbicdrhnfzgnybeuqbfdpgzdvazwonpmbolfvywfequepgphrjnadnckx
9,2022-05-24 23:24:00,2022-05-24 23:24:00,\N,1,mritrveetqnfeymbmxywvrgvjangityuicbyztxzcgrbvzblkcuwlhcrmtxfjqrzlpuyqxpdyoydkghbtjefjklxcjrvetbmjbnk
10,2022-05-24 23:24:00,2022-05-24 23:24:00,\N,10,kibceuijfghzjmoyknbdjvbktltrvodpvmsufwfzewltqxifpqhiifkxyzqtppldirickfbklwxyztdytsewtuchlcwrppzknmbp
11,2022-05-24 23:24:00,2022-05-24 23:24:00,\N,10,niamybzgettrzgzycjjhisaalurqlrclwdsnszeybfjjbnvtjkndhhhpzrsaswewiymfwvpmcdmdetkyjcrmfaaixsradmpodbln
12,2022-05-24 23:24:00,2022-05-24 23:24:00,\N,8,tmqflfxtghcnzgraezogaruumqxjdtxegsvmeyofcdnmpavmxambpdxabgnuxhnellrbncllajhqvwnafilcoasyuveavxoilvay
13,2022-05-24 23:24:00,2022-05-24 23:24:00,\N,5,obnhunkwnazeegtbvnglslzhaidqjqgzdbonqthzansnpqyjozwfdvohpvgwgqixqwmnqkmzlwuwuvkdydmjaigfmbkiwwqngjfh
14,2022-05-24 23:24:00,2022-05-24 23:24:00,\N,1,ephtcxwsjnxdikjhehcghfocymbbcyxoqvorqozxrsexxptdwiizjhelbuhptmtbpghnsnffvnuandkqhsyiabxmrhpkasgzbiej
15,2022-05-24 23:24:00,2022-05-24 23:24:00,\N,1,qnfgpcujkabdikmdcrfwaywwzijtufwvqssdzczpzhnueykycarasareiwttvtciehxghbpushbfcglnihrjxrahvwqepiowzjgy
16,2022-05-24 23:24:00,2022-05-24 23:24:00,\N,4,owcsfdpfeijhpdftabhrlnzlnppnshuqjkftspfmktbrcfjixpuxrovihdsodcwgyxtzcudmyswyhnevftnyvmugcldwgsgqrsnp
17,2022-05-24 23:24:00,2022-05-24 23:24:00,\N,5,yasywdyasileeiopjntztkzlslbhttsehrifpuopthrfopowhxwwmpzfdtgbwkxbquijihjsupkdtujiykbsustdtyccbdiswnlp
18,2022-05-24 23:24:00,2022-05-24 23:24:00,\N,9,onrqljdjusvgwjktakqrfsutfvljnbtabcunldrdlgkidohztthaweyxykthbotsbbdhvwrwioihbaglxvmehtvzlylzhumeyiuk
19,2022-05-24 23:24:00,2022-05-24 23:24:00,\N,7,hvbrbxxxrlsafbkrnoxjsvygmoqgbafnldvvkiwyjqyemgspykraqhinjwdqrjktfpaoonjcjuhdbhbabcyeijynvvgaudchqfeg
20,2022-05-24 23:24:00,2022-05-24 23:24:00,\N,2,ccxdlfdltiuxxixdrkhplrbfvgkwnmaxdgejulmblzgclfokqmipjtgkqnxsxmqhfmyvgeuatjfmclkivssgrxyfhgrgmoozrlcu
21,2022-05-24 23:24:00,2022-05-24 23:24:00,\N,2,epgxbdjjemqxvikjsnnnmmlrdhqravotxvotbmtzavlykeosnvowzgapfoqjnkzgjxqwqiunnnwwotwjwedynizdsonsybudqyrx
22,2022-05-24 23:24:00,2022-05-24 23:24:00,\N,6,xhzpmbhavxjpmnudositqeiyhsizrjluzdsldftgbmdeefbgyovdhkgbpzfmcvhyqkknpbyukklcrocyylxottwxktcpgwjhegkk
23,2022-05-24 23:24:00,2022-05-24 23:24:00,\N,6,xqframuhjdrxjbgtnzkjssknxrmurjdyxtflkfetsvvnyegxnixrrghpysxyntvjctyfumszwzsfwnpaufrznmssnrapmxtatleb
24,2022-05-24 23:24:00,2022-05-24 23:24:00,\N,6,guuuusoumgehucewkekjbbfrisgfnrzmtfpaozkctichrwqzfmfccscdsfsfcvcsqxovxdxiinuwrumlgmtwxltcmtoolijzdver
25,2022-05-24 23:24:00,2022-05-24 23:24:00,\N,8,ighwdljptejbvvfswvdaenrbiwjmqxhxmjrraeqhdvlledgawxakwywpblduavstaupvkcjrhhrdegerinimvrsqwpqrfnecsebl
26,2022-05-24 23:24:00,2022-05-24 23:24:00,\N,1,sccsmylhykysvakfshalgjedrpldcofpjtoxxljrcgaghhbaakghmajvoifvghzswwrioqxmqluwmsofagkmfjmshwhgznmfwqiq
27,2022-05-24 23:24:00,2022-05-24 23:24:00,\N,4,cczrxugiongfcdmiqrtufosjjyfywoghkgaajzurauhlhbxliipoeifxsklqnjbobfrgwcsjeaqsuxmzkxmxrquxvujmzxxfoqux
28,2022-05-24 23:24:00,2022-05-24 23:24:00,\N,5,aqixvsoarursvhsongzcgtsgyhdyepclrdoyqorqxjyrmovtjhmhblqmchvvcjcngskyrkostmmcmbjtzbemdbkkmccqvoypeyvs
29,2022-05-24 23:24:00,2022-05-24 23:24:00,\N,7,xnxodcapvcfhidaqsqaiyaftsqmmqtzrsdwphochhyjadozddhfwfbfgggkmxltozuxcwrzpdxuisqwkcxkvxqrcrpjmjegkdgmu
30,2022-05-24 23:24:00,2022-05-24 23:24:00,\N,7,elstjymnxynlsbpqsnhszbwpjkczwhrafgmiiiurqqobyphdmuqwpqxkbnaxlzcnvtrbvukkjvvhaxuaycckpusulbolmxwcidgw
31,2022-05-24 23:24:00,2022-05-24 23:24:00,\N,1,cmjraokwfgdomxitzrgxsstezunwskcfupgxjfwhahxmtfphygbpjtcukjzmzngubqpojwbjkdrbfwdavvmvgaxbswkdffzuwbnv
32,2022-05-24 23:24:00,2022-05-24 23:24:00,\N,9,bopgrkeieapcylupkjmehmnfcmsvpyylrjqgedbecvetwplscqwquslgogqqpdilxpicergdsdmyiszykmaywintrmnfvanrskfp
33,2022-05-24 23:24:00,2022-05-24 23:24:00,\N,6,puvpfejogxzqcaaxlwjfgzdzbevnonyxtqsecmcshrexvgkksxuexeqpkbudywnmcektzfsosrcvonuwbmkpeuspbzvekahokfrp
34,2022-05-24 23:24:00,2022-05-24 23:24:00,\N,5,klheaemwsrolzuvlbszteswnnqiyoprqpjmmthbiihikjptocbsguqvwewbcvpkklmvddifknavqqfmygtgcldmhtgbaiagegzer
35,2022-05-24 23:24:00,2022-05-24 23:24:00,\N,1,ytjnvlshtnaaqueybxckcknyvzvgrnfogoevhjtzrrjdabrdmvpjyjtquhebltwpdzndgrbflfeylhvxfvsmxvzclleikllhtgct
36,2022-05-24 23:24:00,2022-05-24 23:24:00,\N,5,ifrrzwwlrogcsqyemjwlhgaizrsfanliojokinfqpxslmziskqtgefgnhdpfvsnwuioqwhwpjnepaiaojdibwmkcansadbdbwerc
37,2022-05-24 23:24:00,2022-05-24 23:24:00,\N,4,lcqdovhbvkesajkmxskdxccmiqfdjxpnnpscvcfamtjcgaqrgszartvgwwscwsfzbuwksydplirtwdofqjlqzmxuaouotiatwhky
38,2022-05-24 23:24:00,2022-05-24 23:24:00,\N,1,svnmclfmziseqwhjewyinkbnehszdtvxudqjetakeqgrcvgqluqeqxuwgbedscthfbqievkdkxbhujyobqpywxngmikniymanyht
39,2022-05-24 23:24:00,2022-05-24 23:24:00,\N,5,aedwbbjvrbaefsganljhkehgpqvsnafugfqrlotuzhucjxxaftrvuykoolsmpkdjrymtmdoguejdszsnivmxggvysaqrzcwhxcyr
40,2022-05-24 23:24:00,2022-05-24 23:24:00,\N,6,ykzihyaimqwlpshvzujaunlfxixlmlijusbahuevitbhxmlayvplfvikcsaqzlskuovnpjdihkbtxoijupmmgmgrdsgmubjsxovg
41,2022-05-24 23:24:00,2022-05-24 23:24:00,\N,2,zkhhyzmtrgeieoilekswaeskrygpsqbnnwxstdwddmhxnvjuacldebtanswqvdxccstrxukgbrtqgxczofpkewtiwfookeoyppay
42,2022-05-24 23:24:00,2022-05-24 23:24:00,\N,3,vaiaadrnfmlxrtlbagenwoxpapqrcjrxjmvhjrvgtbuvjkelkfhrpabivfnbobjgcsjaxbkjvgtmmlkhwnceiprgbudclqxieizn
43,2022-05-24 23:24:00,2022-05-24 23:24:00,\N,6,dnfmofgwecfqunyetlcusduijkiafyihvqscttiqoczvxqoorefxdtbiqcbnwoqcrtanfrwsayfzomwhdcdktrldakywaekqmykv
44,2022-05-24 23:24:00,2022-05-24 23:24:00,\N,3,ixgvompqkzqnwqhcwjwfvzrspvprshnxkiwuvmwcbpwafdqmcxgekwhdkxwfxikzzhsvwsdltvbczgoaucvpwboonhwsngcrcqxl
45,2022-05-24 23:24:00,2022-05-24 23:24:00,\N,9,fjjgatigpiwmyoqbquhdwtqvycptirtrlhjsezsofdutsmdgyihptqtlfrgibhnlmpdujhxmkgnwreonjjkovlcynvpcpjefgmhv
46,2022-05-24 23:24:00,2022-05-24 23:24:00,\N,10,yaropixnftmgqnlwjiyygkpblazhhddhjaggbfkwmdqwerndhxwroxucwdegvpkcasibtldbkzfkyigppdbmleuwuxtcpabnkuot
47,2022-05-24 23:24:00,2022-05-24 23:24:00,\N,9,wwibastrbnsagxgmkkypcsnnkdqesqjtgxbdnsriamzfhyresnmmvhglacadrjzmmsiwtkwsqnqvqjbmntwojuuouuhsrbuspjja
48,2022-05-24 23:24:00,2022-05-24 23:24:00,\N,9,tlfswrxxkoeuorvmaqrmdlijncbhbndgbbrocdncfateaudapvyxbwqtulbkqkcevgimesymvzmqcybwjvuywddkprudldmrtxee
49,2022-05-24 23:24:00,2022-05-24 23:24:00,\N,3,dpkqnnqtprrzfcxgcnqojjjwtkexdbmmcicbcbtfgeiijygqqdtgicwiiuxwlpsictfaoizzpcgqwqehmsfbhxschtaebuqqbetu
50,2022-05-24 23:24:00,2022-05-24 23:24:00,\N,9,jatxasivatxkebnblolycnhlcbkuiakyrupetedfxlfdrkgauittpvxtsgcmtdotmyowzlqlwfoovqroozehomfefvfebmnzpvkp
51,2022-05-24 23:24:00,2022-05-24 23:24:00,\N,5,zudctvfqhkklxcoslkldznfiksxmpksretuhjwtythxiiidrjxoomjlvhrtxphyocfbmwrktuxyudypdkmcqugiatllkahfvzrvf
52,2022-05-24 23:24:00,2022-05-24 23:24:00,\N,10,udvdzvjogtmottvaatawgjjvwsdtvanzvpbcaspixnqzploamhoshynyicdjosboxxydkcffyjvkcbxoxvfwjhcvburvquchbgws
53,2022-05-24 23:24:00,2022-05-24 23:24:00,\N,10,xwtnpxypzlflwrmnrbquphjvneaexcljqdjbmlkzjbddmwqoytsanaxtwwtxhxuphmsvexiuzfsrmogauxbaluakshharvvktkgf
54,2022-05-24 23:24:00,2022-05-24 23:24:00,\N,1,pnudkkrlapxerjxtqzqzkcmwzntlxhmyrmaysyfudgmuxfqqbeitfewepativeflvjkadsrutdkpmkhtreettrntzddfezrfmfkb
55,2022-05-24 23:24:00,2022-05-24 23:24:00,\N,9,quqmkmqovrpqrmynskilzflnrgnlraqrbzhyhpbmurtsoumijgsfkdwciencezmkioallhzrlosjcfeztheafpeohuigymzkzdau
56,2022-05-24 23:24:00,2022-05-24 23:24:00,\N,1,shocfwahnprlttsfrzgnreucqnyamvzrybyhtbmvrsidseoqbuxyajvatcevojpqziunlsffkyasdfjyieywkeefmhtmatuevoub
57,2022-05-24 23:24:00,2022-05-24 23:24:00,\N,8,grubrrhsolbneufyxqknsjhabftdwgrgcofkhpuqloefbzxgrndbsbmmygiwlpowgyupgqvsdywnrrkgcmcccbbqyrljbdulllke
58,2022-05-24 23:24:00,2022-05-24 23:24:00,\N,5,mwfgrbyftzwrnprzlqqlfzxvntezorstfeerexzpcykmycnjiihwlgrtcosmjaozqylnfhvhcfjbxnzruncwexbxynihwsmskbkq
59,2022-05-24 23:24:00,2022-05-24 23:24:00,\N,3,rjrfkfjckfgsrcxgtyofysztgqarbneoxembeqcezltrnpobbenagzifqubpwmpqtbkrxcurqglodhtsvbbkymcvmrsdtpiqsmhr
60,2022-05-24 23:24:00,2022-05-24 23:24:00,\N,10,pceqdmeadpmcqydhptmoodvqhjckjwvsmceezsfvtfytyshrwrzrldnzsaktvhrgesvixcelnimzyxbqkknvvupdddnopbtvtlms
61,2022-05-24 23:24:00,2022-05-24 23:24:00,\N,7,jhkdxowxyttikpjjnnrwfngpfshwtcmsprornjfgfxcsfseaizevuaqokfdjuehaqssavnasvpesdhbyirkhrheeggblhiukxxyq
62,2022-05-24 23:24:00,2022-05-24 23:24:00,\N,10,qyhemnlfrwmyvntdmfsijgoiodrlbihemuxndlaessuwmyyfhveotwpimqozneuwdsgvouzinobxfurmmrzgxsqxffwifpkcbvsn
63,2022-05-24 23:24:00,2022-05-24 23:24:00,\N,7,vgsvavuwjpjfdmroqpwnyrnzmjisdoloqypkdhkfmzdlewsperzjlykluixwxozjgcovjqnffttvnndxjlcxtzclnrzbosebuxej
64,2022-05-24 23:24:00,2022-05-24 23:24:00,\N,7,levfksyaxvarflcqdhjjphtyeigslauvuuttyhjakpyhvzhsnofwllvzkdogskwfuuwvwqxrhvrwnmgrbrhyjncziflfmvfdxafo
65,2022-05-24 23:24:00,2022-05-24 23:24:00,\N,8,ivmmndgbyejarhtqfgfqgrpiohfvxnnhwqlzitakyvrzcnpimryfnfgqdvzkfmulwfoqvmwnhiddyzhegoaoxnjokqxkyelsayxi
66,2022-05-24 23:24:00,2022-05-24 23:24:00,\N,5,qnfspiokjzmdrjsgnyhpymdufywibixxtxcpckotrmknbxlbzfmeasgbcqplrzvnmtbfvschvinqbpunqrazvhaqpvjurzjbiudn
67,2022-05-24 23:24:00,2022-05-24 23:24:00,\N,1,geuhpsqppawjqpxolwealwazopszqgoktatjskunkssjjpueanizxyxbvtpvijcafcxbhsikvisxtdatodenzxgfocsxchiimhzb
68,2022-05-24 23:24:00,2022-05-24 23:24:00,\N,9,eroetejfihordomfbvidjrfnyejogfvghjpspappddeycsfdglsepukemfswyemfilchiccjmbkiygskarveihnueuioucstwmcw
69,2022-05-24 23:24:00,2022-05-24 23:24:00,\N,9,qulrcieividddyemsyxehkeijclnwarwfachssollvueucnioaebvjlmrurxjdzvfxboicdvdyijfzleaaqsdnrccnpraxncthnu
70,2022-05-24 23:24:00,2022-05-24 23:24:00,\N,8,xifmsxswxendiyxihwvkclvtrniotxgtstootggwdwbiwnhugmxsihihdxwlfgvhgwikmljvjqxtqbfsjfqdcobgezpemnkrnwmm
71,2022-05-24 23:24:00,2022-05-24 23:24:00,\N,8,aoaexmgejsfwgidzgkcqpwfxjlywmvypiwkfignoxqgqfykmmhxkqunlyecbhhqtlazwjkifcwpcxbcuianhukaxsveforqhlkon
72,2022-05-24 23:24:00,2022-05-24 23:24:00,\N,3,wjfspnscdcugxyuvxfjxkwauyyfvkilkzhyjdcoddvdhjugvmvdfjqyavjlmjuspyauzaihnximakwwhgrflgkutxpkwhvgiunao
73,2022-05-24 23:24:00,2022-05-24 23:24:00,\N,4,ytsrinqkgjgndemsaarwzlatzjjctghxbgiuedmutkbdyogophjufjizzpaclfpmjtrepjqrvbyaqqmuirvkcfqajxsogiggmsom
74,2022-05-24 23:24:00,2022-05-24 23:24:00,\N,1,nyrulxwrfpodnhmqrvxfrnxpxamayxunpuoazfynfaxrrllznnvtzcdgsyylmiirppmuyhvraajlesrtknojgycybnoboqksiwvs
75,2022-05-24 23:24:00,2022-05-24 23:24:00,\N,3,nhjtglzovdagfsuddlduydzqnatcspqkwwwzbugtbsloqpqpsskvsuanfmfravgahzvimycpjrxxoifitjuvaacjacwhomzdvzgd
76,2022-05-24 23:24:00,2022-05-24 23:24:00,\N,4,sxencbculyqpnqdbsbmwxfouvfchgzzevulrlzpfvbcbvwtgfshsmdkuzamydvpfijqqopcyqpnesmkobpvpreeduwpfrrbcmzta
77,2022-05-24 23:24:00,2022-05-24 23:24:00,\N,1,lfwomeqtqvolxremolrcsywywuyijlnganiimkooldraimgqpqvwhrwpxcmyyjflceqojhvvynukoobbprcftgkwtatvalnufyuu
78,2022-05-24 23:24:00,2022-05-24 23:24:00,\N,10,rfnjyfbffjngzddxvzyxqcnordyvkzbunxknfgssgfjzktmkdljeeylklkhbesmmxoebpnfszttetoeiwpgcyqldwztzyhmzafqq
79,2022-05-24 23:24:00,2022-05-24 23:24:00,\N,10,ijmecgenhlszwpcojbxviinbjpvvjnpgngajctqirvzqhrfbsqdpwkqczusiagnkmafrztotpofhfqtcnmzlqisebcofrqrskmoo
80,2022-05-24 23:24:00,2022-05-24 23:24:00,\N,6,omslsthsomafnefputqbmorojsheanaigxjchjhrcglcmoqlhoefgmrkzkjtvklicbzmyhpjgtzdhpnconzbhnksmraeaxeiagnp
81,2022-05-24 23:24:00,2022-05-24 23:24:00,\N,10,jkdpskaudfttmlbwobmyvtkbmcmnutsmkixesugnyffsespdlbvggvkavpehxzgnppnhjmwksockohoreiyjqgpqnltkejzltzfd
82,2022-05-24 23:24:00,2022-05-24 23:24:00,\N,5,bepwxuobzybgocomqcnenbwjrdwwmaoqphgvppnxnfuxwicmqhcsxqysbdwytzmxbturncknokasxxzcbbtgxprerkolrjzhpafv
83,2022-05-24 23:24:00,2022-05-24 23:24:00,\N,9,dncarzxpmzeeiadsvwtmisvhbwomahigcowtwmtumgutqupazaepaoqdorxpfdupfqedgisjfrhxnzpfkhshrvzelelzjphtyeva
84,2022-05-24 23:24:00,2022-05-24 23:24:00,\N,10,hffsrfrfbcxdtgoayuclxdbjircarafhxdcwkcbbfhtsgmkbmdftmzqpurnnzteazqszzbzckcwxgpzovhclplahaxqiqgcnljdp
85,2022-05-24 23:24:00,2022-05-24 23:24:00,\N,6,jnevxqndruvflvubafqkulpsrmovpsmsluaocnbindizzrshfqzqpupvpkvbznfaggcdqcjiqxqgcoeobddpklqurhaqwwfpkxlw
86,2022-05-24 23:24:00,2022-05-24 23:24:00,\N,4,ptqxblmcovlmqadeavydvemdkswxkvuzhsghricyxasoiopayuwowrrptlpnfipeslfbbllaviscmroievarvrvlpajnvtfdhunr
87,2022-05-24 23:24:00,2022-05-24 23:24:00,\N,1,wfudipssweeyizvnotkmzkpvjbvluulkuejfpgtukldylxqbglnmrjxjiomiuvccqmkzhyubfskiorbafcteevjfyrfbqvwxsoxi
88,2022-05-24 23:24:00,2022-05-24 23:24:00,\N,8,syruiivwvgdsnmsgzcbxckqkgoqgbgilecngswhgvxnoqavdpelwlfxuhezjroskzmsarmtemwcgtnllbanbrjrjtlsgpgucxiir
89,2022-05-24 23:24:00,2022-05-24 23:24:00,\N,2,rmcajfqctjltcnegqsbjszcmnvmxejrvteqslkemcdtsidtnmbllzlbvsairwbvuwungmdjhsexmnnidgjetnhfcgrkwpkenfhxj
90,2022-05-24 23:24:00,2022-05-24 23:24:00,\N,7,xpioliuvexqovebeuvfuqsmfyylqepzlpseywsgceghiozjwxmdudoyogmyxpjeyvwtdpqnbwqntyzamrsbqwarqdhfzrpnduyoe
91,2022-05-24 23:24:00,2022-05-24 23:24:00,\N,10,vuytwirrrqpdaongroxduktowssnjhhdhobubfgdumxrtgbyceikzlcnbwaqxfxkpexexilsasepkuhmnjsxexuzrhpysljckxmt
92,2022-05-24 23:24:00,2022-05-24 23:24:00,\N,5,ktlfzmaupuohmligucbdzwcaxinyqibkvjvewqrkqzebogasgnlrrzfyyidliqciziguaendgvwlvzygcszjbpkikcsbpmhncppj
93,2022-05-24 23:24:00,2022-05-24 23:24:00,\N,10,zcdtneqqkvbfdljbczxcxywadgnjlrapiilhhkbnlkwfdxpiauxblhqditlhtbegwjmchgemyvfptozlgbgchfmuxnkraeazdeka
94,2022-05-24 23:24:00,2022-05-24 23:24:00,\N,5,ronsvgdxdzuuborkgolhqxdmmkqsbbwqjppriaxblqpodcwhpgaroqylenbwqiffvezsojnabszurnzncdubrazweymqdkqkuact
95,2022-05-24 23:24:00,2022-05-24 23:24:00,\N,4,kztlrtrypyapexfppfhxeoesacxksiyecegunzwoppyvdqixykbnmhlaebavkvtczccsnqqiayeadkdkuvpphfaisnoijyghoweg
96,2022-05-24 23:24:00,2022-05-24 23:24:00,\N,6,qiylypgewzjcrgmpmbipdwtweymypqkbectnrwdzdwioikslsgrrjfgsbwmzpuwnfqhlzqmtwcnecffggitsiawpsbrnkncrdrlv
97,2022-05-24 23:24:00,2022-05-24 23:24:00,\N,7,hymeqvjugrnarwwsmjcozbpmakpzufhinzddclqrasmuddsohbhfphiifycqpzfonealfsmelpybrgwyhqzrvmzvhbgvioiwgfne
98,2022-05-24 23:24:00,2022-05-24 23:24:00,\N,3,xkyrenzbfnrrtfzdnsxnagqxmkutsupmtwhshvxtmcvmicnjbtirrasquhmijowlxzjpfyupmnkiuevucgpkbgkixlnkcvlzbajj
99,2022-05-24 23:24:00,2022-05-24 23:24:00,\N,5,kzelyvwtqfnzuiopzujpokuioboromjettluxkwxyfscckckfefdmmfzaeblcfwlzrtciehcmkbhbkwhnsikjnwhovommuxebxrd
100,2022-05-24 23:24:00,2022-05-24 23:24:00,\N,8,molwfdihrkdbcjkvrjqrcdumfnmlwwddjqvoywptbxncyijdihpgzdoftmtxqhpnobpqrxgmuvmegmndtboekwbwbqjyaygrqrbt
