1,2022-05-24 23:24:00,2022-05-24 23:24:00,\N,bsex,bsex@example.com
2,2022-05-24 23:24:00,2022-05-24 23:24:00,\N,tzqj,tzqj@example.com
3,2022-05-24 23:24:00,2022-05-24 23:24:00,\N,twvm,twvm@example.com
4,2022-05-24 23:24:00,2022-05-24 23:24:00,\N,fhoi,fhoi@example.com
5,2022-05-24 23:24:00,2022-05-24 23:24:00,\N,sfxd,sfxd@example.com
6,2022-05-24 23:24:00,2022-05-24 23:24:00,\N,uxbr,uxbr@example.com
7,2022-05-24 23:24:00,2022-05-24 23:24:00,\N,pjau,pjau@example.com
8,2022-05-24 23:24:00,2022-05-24 23:24:00,\N,digy,digy@example.com
9,2022-05-24 23:24:00,2022-05-24 23:24:00,\N,ilyw,ilyw@example.com
10,2022-05-24 23:24:00,2022-05-24 23:24:00,\N,rwkc,rwkc@example.com
